Model,Total Return,Sharpe Ratio,Max Drawdown,Avg Positions,Total Trades
GK,11.158967629066963,6.085142624567312,-0.4750340680455989,499.8064935064935,770
SABR,9.622009105105933,4.6591348551352,-0.36453874405599773,500.0,770
GK_IVFilter,10.850202671973186,6.912458278262698,-0.2856957443922892,483.45324675324673,751
