Model,Total Return,Sharpe Ratio,Max Drawdown
GK,11.223937433050967,6.388146694591737,-0.44557703830557793
SABR,9.603644210363282,4.690225603558801,-0.35392590964108406
GK_IVFilter,10.817966376833521,6.987143711729013,-0.30154753095831266
